workload,side,distribution,backend,iteration,upload_ms,kernel_ms,download_ms,host_total_ms,checksum
masked_reduce,32,uniform,cpu_optimized_2,0,0,0,0,0.0177,-5.2685827552031697
masked_reduce,32,uniform,cpu_optimized_2,1,0,0,0,0.0064000000000000003,-5.2685827552031697
masked_reduce,32,uniform,cpu_optimized_2,2,0,0,0,0.0060000000000000001,-5.2685827552031697
masked_reduce,32,uniform,cpu_optimized_2,3,0,0,0,0.0060000000000000001,-5.2685827552031697
masked_reduce,32,uniform,cpu_optimized_2,4,0,0,0,0.0058999999999999999,-5.2685827552031697
masked_reduce,32,uniform,cpu_optimized_2,5,0,0,0,0.0060000000000000001,-5.2685827552031697
masked_reduce,32,uniform,cuda_baseline,0,0.0051199998706579208,0.082943998277187347,0.021856000646948814,74.050399999999996,-5.2685827552031625
masked_reduce,32,uniform,cuda_baseline,1,0.0061440002173185349,0.0081919999793171883,0.05427199974656105,0.44690000000000002,-5.2685827552031625
masked_reduce,32,uniform,cuda_baseline,2,0.0061440002173185349,0.0081919999793171883,0.020671999081969261,0.6966,-5.2685827552031625
masked_reduce,32,uniform,cuda_baseline,3,0.0059199999086558819,0.024576000869274139,0.020640000700950623,0.51200000000000001,-5.2685827552031625
masked_reduce,32,uniform,cuda_baseline,4,0.0051199998706579208,0.0081919999793171883,0.013311999849975109,0.53810000000000002,-5.2685827552031625
masked_reduce,32,uniform,cuda_baseline,5,0.0060479999519884586,0.0081919999793171883,0.023552000522613525,0.42659999999999998,-5.2685827552031625
tile_histogram,32,uniform,cpu_optimized_2,0,0,0,0,0.0015,4
tile_histogram,32,uniform,cpu_optimized_2,1,0,0,0,0.00069999999999999999,4
tile_histogram,32,uniform,cpu_optimized_2,2,0,0,0,0.00050000000000000001,4
tile_histogram,32,uniform,cpu_optimized_2,3,0,0,0,0.00050000000000000001,4
tile_histogram,32,uniform,cpu_optimized_2,4,0,0,0,0.00050000000000000001,4
tile_histogram,32,uniform,cpu_optimized_2,5,0,0,0,0.00059999999999999995,4
tile_histogram,32,uniform,cuda_baseline,0,0.0030720001086592674,0.063487999141216278,0.028960000723600388,0.50590000000000002,4
tile_histogram,32,uniform,cuda_baseline,1,0.0030720001086592674,0.0061440002173185349,0.012480000033974648,0.52980000000000005,4
tile_histogram,32,uniform,cuda_baseline,2,0.0040959999896585941,0.0071680000983178616,0.021503999829292297,0.3775,4
tile_histogram,32,uniform,cuda_baseline,3,0.0030720001086592674,0.0051839998923242092,0.18323199450969696,1.0338000000000001,4
tile_histogram,32,uniform,cuda_baseline,4,0.0040959999896585941,0.0051199998706579208,0.013311999849975109,0.99929999999999997,4
tile_histogram,32,uniform,cuda_baseline,5,0.0040959999896585941,0.0061440002173185349,0.012415999546647072,0.38109999999999999,4
tile_histogram,32,uniform,cuda_shared,0,0.0040319999679923058,0.05939200147986412,0.01228800043463707,0.39939999999999998,4
tile_histogram,32,uniform,cuda_shared,1,0.0030720001086592674,0.0061440002173185349,0.012319999746978283,0.51870000000000005,4
tile_histogram,32,uniform,cuda_shared,2,0.0048320000059902668,0.0051199998706579208,0.012575999833643436,0.39579999999999999,4
tile_histogram,32,uniform,cuda_shared,3,0.0040959999896585941,0.0051199998706579208,0.012575999833643436,0.76549999999999996,4
tile_histogram,32,uniform,cuda_shared,4,0.0038719999138265848,0.0061440002173185349,0.012512000277638435,0.36709999999999998,4
tile_histogram,32,uniform,cuda_shared,5,0.0040959999896585941,0.0051199998706579208,0.013311999849975109,0.33160000000000001,4
stencil3x3,32,uniform,cpu_optimized_2,0,0,0,0,0.27779999999999999,0.0074331020812685722
stencil3x3,32,uniform,cpu_optimized_2,1,0,0,0,0.12809999999999999,0.0074331020812685722
stencil3x3,32,uniform,cpu_optimized_2,2,0,0,0,0.1167,0.0074331020812685722
stencil3x3,32,uniform,cpu_optimized_2,3,0,0,0,0.1176,0.0074331020812685722
stencil3x3,32,uniform,cpu_optimized_2,4,0,0,0,0.1148,0.0074331020812685722
stencil3x3,32,uniform,cpu_optimized_2,5,0,0,0,0.096699999999999994,0.0074331020812685722
stencil3x3,32,uniform,cuda_baseline,0,0.003903999924659729,0.11366400122642517,0.013311999849975109,0.49059999999999998,0.0074331020812685722
stencil3x3,32,uniform,cuda_baseline,1,0.0040959999896585941,0.0092160003259778023,0.013311999849975109,0.61970000000000003,0.0074331020812685722
stencil3x3,32,uniform,cuda_baseline,2,0.0050880000926554203,0.0081919999793171883,0.013439999893307686,0.36820000000000003,0.0074331020812685722
stencil3x3,32,uniform,cuda_baseline,3,0.0051199998706579208,0.0081919999793171883,0.013311999849975109,0.371,0.0074331020812685722
stencil3x3,32,uniform,cuda_baseline,4,0.0051199998706579208,0.0081919999793171883,0.013311999849975109,0.3589,0.0074331020812685722
stencil3x3,32,uniform,cuda_baseline,5,0.0050559998489916325,0.0081919999793171883,0.013344000093638897,0.3548,0.0074331020812685722
tile_histogram,32,single_bin,cpu_optimized_2,0,0,0,0,0.001,1024
tile_histogram,32,single_bin,cpu_optimized_2,1,0,0,0,0.00080000000000000004,1024
tile_histogram,32,single_bin,cpu_optimized_2,2,0,0,0,0.00069999999999999999,1024
tile_histogram,32,single_bin,cpu_optimized_2,3,0,0,0,0.00050000000000000001,1024
tile_histogram,32,single_bin,cpu_optimized_2,4,0,0,0,0.00050000000000000001,1024
tile_histogram,32,single_bin,cpu_optimized_2,5,0,0,0,0.00050000000000000001,1024
tile_histogram,32,single_bin,cuda_baseline,0,0.0039679999463260174,0.0051520001143217087,0.013279999606311321,0.3453,1024
tile_histogram,32,single_bin,cuda_baseline,1,0.0040959999896585941,0.0051199998706579208,0.013311999849975109,0.36599999999999999,1024
tile_histogram,32,single_bin,cuda_baseline,2,0.0040959999896585941,0.0051199998706579208,0.013311999849975109,0.35830000000000001,1024
tile_histogram,32,single_bin,cuda_baseline,3,0.0040959999896585941,0.0051199998706579208,0.013311999849975109,0.3952,1024
tile_histogram,32,single_bin,cuda_baseline,4,0.0030720001086592674,0.0061440002173185349,0.19763199985027313,0.61060000000000003,1024
tile_histogram,32,single_bin,cuda_baseline,5,0.0040959999896585941,0.0051199998706579208,0.013311999849975109,0.34260000000000002,1024
tile_histogram,32,single_bin,cuda_shared,0,0.0040319999679923058,0.030751999467611313,0.013279999606311321,0.40010000000000001,1024
tile_histogram,32,single_bin,cuda_shared,1,0.0039360001683235168,0.032767999917268753,0.01228800043463707,0.39729999999999999,1024
tile_histogram,32,single_bin,cuda_shared,2,0.0040959999896585941,0.032767999917268753,0.033952001482248306,0.4304,1024
tile_histogram,32,single_bin,cuda_shared,3,0.0040959999896585941,0.030719999223947525,0.013311999849975109,0.4133,1024
tile_histogram,32,single_bin,cuda_shared,4,0.0040959999896585941,0.033792000263929367,0.020479999482631683,0.47220000000000001,1024
tile_histogram,32,single_bin,cuda_shared,5,0.0040640002116560936,0.031743999570608139,0.013311999849975109,0.46350000000000002,1024
masked_reduce,256,uniform,cpu_optimized_2,0,0,0,0,0.42030000000000001,-37.507433102081109
masked_reduce,256,uniform,cpu_optimized_2,1,0,0,0,0.39439999999999997,-37.507433102081109
masked_reduce,256,uniform,cpu_optimized_2,2,0,0,0,0.4032,-37.507433102081109
masked_reduce,256,uniform,cpu_optimized_2,3,0,0,0,0.40039999999999998,-37.507433102081109
masked_reduce,256,uniform,cpu_optimized_2,4,0,0,0,0.39000000000000001,-37.507433102081109
masked_reduce,256,uniform,cpu_optimized_2,5,0,0,0,0.39510000000000001,-37.507433102081109
masked_reduce,256,uniform,cuda_baseline,0,0.36864000558853149,0.0092160003259778023,0.013311999849975109,1.137,-37.507433102081308
masked_reduce,256,uniform,cuda_baseline,1,0.099327996373176575,0.0092160003259778023,0.01228800043463707,0.7621,-37.507433102081308
masked_reduce,256,uniform,cuda_baseline,2,0.098304003477096558,0.0082240002229809761,0.032735999673604965,0.74919999999999998,-37.507433102081308
masked_reduce,256,uniform,cuda_baseline,3,0.10751999914646149,0.0081919999793171883,0.020479999482631683,0.84179999999999999,-37.507433102081308
masked_reduce,256,uniform,cuda_baseline,4,0.1013759970664978,0.0092160003259778023,0.01228800043463707,0.747,-37.507433102081308
masked_reduce,256,uniform,cuda_baseline,5,0.097280003130435944,0.0092160003259778023,0.080895997583866119,0.80130000000000001,-37.507433102081308
tile_histogram,256,uniform,cpu_optimized_2,0,0,0,0,0.13769999999999999,0
tile_histogram,256,uniform,cpu_optimized_2,1,0,0,0,0.1038,0
tile_histogram,256,uniform,cpu_optimized_2,2,0,0,0,0.10929999999999999,0
tile_histogram,256,uniform,cpu_optimized_2,3,0,0,0,0.097500000000000003,0
tile_histogram,256,uniform,cpu_optimized_2,4,0,0,0,0.095299999999999996,0
tile_histogram,256,uniform,cpu_optimized_2,5,0,0,0,0.10489999999999999,0
tile_histogram,256,uniform,cuda_baseline,0,0.0091519998386502266,0.0092160003259778023,0.015359999611973763,0.43090000000000001,0
tile_histogram,256,uniform,cuda_baseline,1,0.0092160003259778023,0.0081919999793171883,0.015359999611973763,0.43369999999999997,0
tile_histogram,256,uniform,cuda_baseline,2,0.008991999551653862,0.0081919999793171883,0.044032000005245209,0.47210000000000002,0
tile_histogram,256,uniform,cuda_baseline,3,0.0090560000389814377,0.0081919999793171883,0.01539199985563755,0.40699999999999997,0
tile_histogram,256,uniform,cuda_baseline,4,0.0081919999793171883,0.0081919999793171883,0.022592000663280487,0.45429999999999998,0
tile_histogram,256,uniform,cuda_baseline,5,0.0081919999793171883,0.0081919999793171883,0.18124799430370331,1.1351,0
tile_histogram,256,uniform,cuda_shared,0,0.0081919999793171883,0.0092160003259778023,0.015359999611973763,0.379,0
tile_histogram,256,uniform,cuda_shared,1,0.0081919999793171883,0.0092160003259778023,0.014336000196635723,0.35039999999999999,0
tile_histogram,256,uniform,cuda_shared,2,0.0081919999793171883,0.0092160003259778023,0.02969600073993206,0.3473,0
tile_histogram,256,uniform,cuda_shared,3,0.0081919999793171883,0.0092160003259778023,0.025599999353289604,0.33329999999999999,0
tile_histogram,256,uniform,cuda_shared,4,0.0081919999793171883,0.0092160003259778023,0.025599999353289604,0.34060000000000001,0
tile_histogram,256,uniform,cuda_shared,5,0.0092160003259778023,0.0081919999793171883,0.024576000869274139,0.36559999999999998,0
stencil3x3,256,uniform,cpu_optimized_2,0,0,0,0,0.60240000000000005,-0.024281466798810714
stencil3x3,256,uniform,cpu_optimized_2,1,0,0,0,0.53039999999999998,-0.024281466798810714
stencil3x3,256,uniform,cpu_optimized_2,2,0,0,0,0.64929999999999999,-0.024281466798810714
stencil3x3,256,uniform,cpu_optimized_2,3,0,0,0,0.59899999999999998,-0.024281466798810714
stencil3x3,256,uniform,cpu_optimized_2,4,0,0,0,0.5161,-0.024281466798810714
stencil3x3,256,uniform,cpu_optimized_2,5,0,0,0,0.47239999999999999,-0.024281466798810714
stencil3x3,256,uniform,cuda_baseline,0,0.071584001183509827,0.042080000042915344,0.099968001246452332,0.8256,-0.024281466798810714
stencil3x3,256,uniform,cuda_baseline,1,0.067487999796867371,0.037983998656272888,0.095455996692180634,0.73960000000000004,-0.024281466798810714
stencil3x3,256,uniform,cuda_baseline,2,0.064159996807575226,0.037216000258922577,0.094976000487804413,0.6845,-0.024281466798810714
stencil3x3,256,uniform,cuda_baseline,3,0.070015996694564819,0.039551999419927597,0.086783997714519501,1.0283,-0.024281466798810714
stencil3x3,256,uniform,cuda_baseline,4,0.067904002964496613,0.040640000253915787,0.097663998603820801,0.75460000000000005,-0.024281466798810714
stencil3x3,256,uniform,cuda_baseline,5,0.067744001746177673,0.04182400181889534,0.11139199882745743,0.67730000000000001,-0.024281466798810714
tile_histogram,256,single_bin,cpu_optimized_2,0,0,0,0,0.13159999999999999,4096
tile_histogram,256,single_bin,cpu_optimized_2,1,0,0,0,0.1265,4096
tile_histogram,256,single_bin,cpu_optimized_2,2,0,0,0,0.1212,4096
tile_histogram,256,single_bin,cpu_optimized_2,3,0,0,0,0.1066,4096
tile_histogram,256,single_bin,cpu_optimized_2,4,0,0,0,0.1087,4096
tile_histogram,256,single_bin,cpu_optimized_2,5,0,0,0,0.0935,4096
tile_histogram,256,single_bin,cuda_baseline,0,0.0092160003259778023,0.010239999741315842,0.021503999829292297,0.5645,4096
tile_histogram,256,single_bin,cuda_baseline,1,0.010239999741315842,0.016383999958634377,0.075776003301143646,0.59889999999999999,4096
tile_histogram,256,single_bin,cuda_baseline,2,0.0081599997356534004,0.011264000087976456,0.014560000039637089,0.4093,4096
tile_histogram,256,single_bin,cuda_baseline,3,0.0092160003259778023,0.010239999741315842,0.023552000522613525,0.46850000000000003,4096
tile_histogram,256,single_bin,cuda_baseline,4,0.0081919999793171883,0.010239999741315842,0.36864000558853149,0.76359999999999995,4096
tile_histogram,256,single_bin,cuda_baseline,5,0.0081919999793171883,0.010304000228643417,0.022463999688625336,0.50880000000000003,4096
tile_histogram,256,single_bin,cuda_shared,0,0.0081919999793171883,0.10444799810647964,0.015359999611973763,0.46300000000000002,4096
tile_histogram,256,single_bin,cuda_shared,1,0.0081919999793171883,0.10342399775981903,0.015359999611973763,0.46460000000000001,4096
tile_histogram,256,single_bin,cuda_shared,2,0.0081919999793171883,0.10444799810647964,0.015359999611973763,0.45700000000000002,4096
tile_histogram,256,single_bin,cuda_shared,3,0.0081919999793171883,0.10342399775981903,0.36761599779129028,0.85640000000000005,4096
tile_histogram,256,single_bin,cuda_shared,4,0.0081919999793171883,0.10454399883747101,0.23542399704456329,0.70709999999999995,4096
tile_histogram,256,single_bin,cuda_shared,5,0.0081919999793171883,0.10444799810647964,0.014527999795973301,0.45519999999999999,4096
masked_reduce,1024,uniform,cpu_optimized_2,0,0,0,0,4.9071999999999996,-404.75718533201245
masked_reduce,1024,uniform,cpu_optimized_2,1,0,0,0,5.1695000000000002,-404.75718533201245
masked_reduce,1024,uniform,cpu_optimized_2,2,0,0,0,4.7864000000000004,-404.75718533201245
masked_reduce,1024,uniform,cpu_optimized_2,3,0,0,0,4.7210999999999999,-404.75718533201245
masked_reduce,1024,uniform,cpu_optimized_2,4,0,0,0,4.6651999999999996,-404.75718533201245
masked_reduce,1024,uniform,cpu_optimized_2,5,0,0,0,4.6837,-404.75718533201245
masked_reduce,1024,uniform,cuda_baseline,0,0.76393598318099976,0.058336000889539719,0.01228800043463707,6.4092000000000002,-404.75718533201189
masked_reduce,1024,uniform,cuda_baseline,1,0.7821120023727417,0.12822400033473969,0.35737600922584534,7.1300999999999997,-404.75718533201189
masked_reduce,1024,uniform,cuda_baseline,2,0.75641602277755737,0.15699200332164764,0.61952000856399536,6.9291999999999998,-404.75718533201189
masked_reduce,1024,uniform,cuda_baseline,3,0.76918399333953857,0.075616002082824707,0.02566399984061718,7.8244999999999996,-404.75718533201189
masked_reduce,1024,uniform,cuda_baseline,4,0.77302402257919312,0.16803200542926788,0.013311999849975109,6.3467000000000002,-404.75718533201189
masked_reduce,1024,uniform,cuda_baseline,5,0.75231999158859253,0.33209601044654846,0.012480000033974648,6.5991999999999997,-404.75718533201189
tile_histogram,1024,uniform,cpu_optimized_2,0,0,0,0,1.1883999999999999,0
tile_histogram,1024,uniform,cpu_optimized_2,1,0,0,0,0.36099999999999999,0
tile_histogram,1024,uniform,cpu_optimized_2,2,0,0,0,0.39979999999999999,0
tile_histogram,1024,uniform,cpu_optimized_2,3,0,0,0,0.32179999999999997,0
tile_histogram,1024,uniform,cpu_optimized_2,4,0,0,0,0.40239999999999998,0
tile_histogram,1024,uniform,cpu_optimized_2,5,0,0,0,0.37919999999999998,0
tile_histogram,1024,uniform,cuda_baseline,0,0.11513599753379822,0.068159997463226318,0.1106560006737709,0.9476,0
tile_histogram,1024,uniform,cuda_baseline,1,0.10655999928712845,0.24672000110149384,0.10559999942779541,0.95030000000000003,0
tile_histogram,1024,uniform,cuda_baseline,2,0.11382400244474411,0.35619199275970459,0.11062400043010712,1.2641,0
tile_histogram,1024,uniform,cuda_baseline,3,0.10566399991512299,0.056127998977899551,0.079680003225803375,0.72070000000000001,0
tile_histogram,1024,uniform,cuda_baseline,4,0.1218239963054657,0.1024319976568222,0.086432002484798431,0.78959999999999997,0
tile_histogram,1024,uniform,cuda_baseline,5,0.12092799693346024,0.068512000143527985,0.1050880029797554,0.85240000000000005,0
tile_histogram,1024,uniform,cuda_shared,0,0.11327999830245972,0.038272000849246979,0.093344002962112427,0.63349999999999995,0
tile_histogram,1024,uniform,cuda_shared,1,0.10966400057077408,0.2579520046710968,0.097727999091148376,0.93869999999999998,0
tile_histogram,1024,uniform,cuda_shared,2,0.104032002389431,0.036256000399589539,0.09984000027179718,1.0451999999999999,0
tile_histogram,1024,uniform,cuda_shared,3,0.10809600353240967,0.041407998651266098,0.10073599964380264,0.65620000000000001,0
tile_histogram,1024,uniform,cuda_shared,4,0.10435199737548828,0.035936001688241959,0.091807998716831207,0.65080000000000005,0
tile_histogram,1024,uniform,cuda_shared,5,0.10480000078678131,0.034464001655578613,0.097120001912117004,0.62129999999999996,0
stencil3x3,1024,uniform,cpu_optimized_2,0,0,0,0,4.7335000000000003,0.11149653121902869
stencil3x3,1024,uniform,cpu_optimized_2,1,0,0,0,4.7941000000000003,0.11149653121902869
stencil3x3,1024,uniform,cpu_optimized_2,2,0,0,0,4.9283000000000001,0.11149653121902869
stencil3x3,1024,uniform,cpu_optimized_2,3,0,0,0,4.5983000000000001,0.11149653121902869
stencil3x3,1024,uniform,cpu_optimized_2,4,0,0,0,4.6807999999999996,0.11149653121902869
stencil3x3,1024,uniform,cpu_optimized_2,5,0,0,0,4.6721000000000004,0.11149653121902869
stencil3x3,1024,uniform,cuda_baseline,0,0.67315202951431274,0.17881600558757782,0.73363202810287476,5.0242000000000004,0.11149653121902869
stencil3x3,1024,uniform,cuda_baseline,1,0.67059201002120972,0.26227200031280518,0.73756802082061768,5.1727999999999996,0.11149653121902869
stencil3x3,1024,uniform,cuda_baseline,2,0.86550402641296387,0.2608959972858429,0.72387200593948364,6.1993,0.11149653121902869
stencil3x3,1024,uniform,cuda_baseline,3,0.67308801412582397,0.1932159960269928,0.72147202491760254,5.0411000000000001,0.11149653121902869
stencil3x3,1024,uniform,cuda_baseline,4,0.66483199596405029,0.17795200645923615,0.90246397256851196,5.2319000000000004,0.11149653121902869
stencil3x3,1024,uniform,cuda_baseline,5,0.70899200439453125,0.25766399502754211,0.7335360050201416,5.5681000000000003,0.11149653121902869
tile_histogram,1024,single_bin,cpu_optimized_2,0,0,0,0,0.49980000000000002,4096
tile_histogram,1024,single_bin,cpu_optimized_2,1,0,0,0,0.30640000000000001,4096
tile_histogram,1024,single_bin,cpu_optimized_2,2,0,0,0,0.27429999999999999,4096
tile_histogram,1024,single_bin,cpu_optimized_2,3,0,0,0,0.27179999999999999,4096
tile_histogram,1024,single_bin,cpu_optimized_2,4,0,0,0,0.30199999999999999,4096
tile_histogram,1024,single_bin,cpu_optimized_2,5,0,0,0,0.44800000000000001,4096
tile_histogram,1024,single_bin,cuda_baseline,0,0.1159679964184761,0.056063998490571976,0.095040000975131989,0.87360000000000004,4096
tile_histogram,1024,single_bin,cuda_baseline,1,0.10608000308275223,0.05366399884223938,0.093952000141143799,0.7198,4096
tile_histogram,1024,single_bin,cuda_baseline,2,0.10361599922180176,0.05100800096988678,0.09920000284910202,0.6865,4096
tile_histogram,1024,single_bin,cuda_baseline,3,0.10784000158309937,0.42767998576164246,0.095296002924442291,1.0807,4096
tile_histogram,1024,single_bin,cuda_baseline,4,0.1103999987244606,0.058559998869895935,0.098495997488498688,0.76349999999999996,4096
tile_histogram,1024,single_bin,cuda_baseline,5,0.10768000036478043,0.054111998528242111,0.096831999719142914,0.64119999999999999,4096
tile_histogram,1024,single_bin,cuda_shared,0,0.13977600634098053,0.14387199282646179,0.092639997601509094,0.92069999999999996,4096
tile_histogram,1024,single_bin,cuda_shared,1,0.10796800255775452,0.13984000682830811,0.09206400066614151,1.0174000000000001,4096
tile_histogram,1024,single_bin,cuda_shared,2,0.11027199774980545,0.13734400272369385,0.094112001359462738,0.71689999999999998,4096
tile_histogram,1024,single_bin,cuda_shared,3,0.10633599758148193,0.47119998931884766,0.10147199779748917,1.3971,4096
tile_histogram,1024,single_bin,cuda_shared,4,0.11443199962377548,0.13849599659442902,0.093599997460842133,0.74529999999999996,4096
tile_histogram,1024,single_bin,cuda_shared,5,0.1066880002617836,0.13702400028705597,0.10601600259542465,0.82530000000000003,4096
