workload,side,backend,threads,iteration,elapsed_ms,checksum,avx2
masked_reduce,32,scalar,1,0,0.0094000000000000004,-5.2685827552031688,1
masked_reduce,32,scalar,1,1,0.0047999999999999996,-5.2685827552031688,1
masked_reduce,32,scalar,1,2,0.0044999999999999997,-5.2685827552031688,1
masked_reduce,32,scalar,1,3,0.0044999999999999997,-5.2685827552031688,1
masked_reduce,32,scalar,1,4,0.0045999999999999999,-5.2685827552031688,1
masked_reduce,32,scalar,1,5,0.0045999999999999999,-5.2685827552031688,1
tile_histogram,32,scalar,1,0,0.0044000000000000003,4,1
tile_histogram,32,scalar,1,1,0.00089999999999999998,4,1
tile_histogram,32,scalar,1,2,0.00089999999999999998,4,1
tile_histogram,32,scalar,1,3,0.00089999999999999998,4,1
tile_histogram,32,scalar,1,4,0.00080000000000000004,4,1
tile_histogram,32,scalar,1,5,0.00089999999999999998,4,1
stencil3x3,32,scalar,1,0,0.0095999999999999992,0.0074331020812685722,1
stencil3x3,32,scalar,1,1,0.0097000000000000003,0.0074331020812685722,1
stencil3x3,32,scalar,1,2,0.0095999999999999992,0.0074331020812685722,1
stencil3x3,32,scalar,1,3,0.0095999999999999992,0.0074331020812685722,1
stencil3x3,32,scalar,1,4,0.0095999999999999992,0.0074331020812685722,1
stencil3x3,32,scalar,1,5,0.0095999999999999992,0.0074331020812685722,1
masked_reduce,32,optimized,1,0,0.0061999999999999998,-5.2685827552031697,1
masked_reduce,32,optimized,1,1,0.0060000000000000001,-5.2685827552031697,1
masked_reduce,32,optimized,1,2,0.0058999999999999999,-5.2685827552031697,1
masked_reduce,32,optimized,1,3,0.0058999999999999999,-5.2685827552031697,1
masked_reduce,32,optimized,1,4,0.0057999999999999996,-5.2685827552031697,1
masked_reduce,32,optimized,1,5,0.0057999999999999996,-5.2685827552031697,1
tile_histogram,32,optimized,1,0,0.00069999999999999999,4,1
tile_histogram,32,optimized,1,1,0.00059999999999999995,4,1
tile_histogram,32,optimized,1,2,0.00050000000000000001,4,1
tile_histogram,32,optimized,1,3,0.00059999999999999995,4,1
tile_histogram,32,optimized,1,4,0.00059999999999999995,4,1
tile_histogram,32,optimized,1,5,0.00050000000000000001,4,1
stencil3x3,32,optimized,1,0,0.0051999999999999998,0.0074331020812685722,1
stencil3x3,32,optimized,1,1,0.0053,0.0074331020812685722,1
stencil3x3,32,optimized,1,2,0.0053,0.0074331020812685722,1
stencil3x3,32,optimized,1,3,0.0054000000000000003,0.0074331020812685722,1
stencil3x3,32,optimized,1,4,0.0053,0.0074331020812685722,1
stencil3x3,32,optimized,1,5,0.0053,0.0074331020812685722,1
masked_reduce,32,optimized,2,0,0.0058999999999999999,-5.2685827552031697,1
masked_reduce,32,optimized,2,1,0.0058999999999999999,-5.2685827552031697,1
masked_reduce,32,optimized,2,2,0.0058999999999999999,-5.2685827552031697,1
masked_reduce,32,optimized,2,3,0.0057999999999999996,-5.2685827552031697,1
masked_reduce,32,optimized,2,4,0.0058999999999999999,-5.2685827552031697,1
masked_reduce,32,optimized,2,5,0.0058999999999999999,-5.2685827552031697,1
tile_histogram,32,optimized,2,0,0.00059999999999999995,4,1
tile_histogram,32,optimized,2,1,0.00059999999999999995,4,1
tile_histogram,32,optimized,2,2,0.00059999999999999995,4,1
tile_histogram,32,optimized,2,3,0.00050000000000000001,4,1
tile_histogram,32,optimized,2,4,0.00050000000000000001,4,1
tile_histogram,32,optimized,2,5,0.00059999999999999995,4,1
stencil3x3,32,optimized,2,0,0.41930000000000001,0.0074331020812685722,1
stencil3x3,32,optimized,2,1,0.078700000000000006,0.0074331020812685722,1
stencil3x3,32,optimized,2,2,0.089700000000000002,0.0074331020812685722,1
stencil3x3,32,optimized,2,3,0.0591,0.0074331020812685722,1
stencil3x3,32,optimized,2,4,0.058700000000000002,0.0074331020812685722,1
stencil3x3,32,optimized,2,5,0.1661,0.0074331020812685722,1
masked_reduce,256,scalar,1,0,0.30130000000000001,-37.507433102081229,1
masked_reduce,256,scalar,1,1,0.29480000000000001,-37.507433102081229,1
masked_reduce,256,scalar,1,2,0.30830000000000002,-37.507433102081229,1
masked_reduce,256,scalar,1,3,0.29509999999999997,-37.507433102081229,1
masked_reduce,256,scalar,1,4,0.29699999999999999,-37.507433102081229,1
masked_reduce,256,scalar,1,5,0.30709999999999998,-37.507433102081229,1
tile_histogram,256,scalar,1,0,0.055899999999999998,64,1
tile_histogram,256,scalar,1,1,0.047699999999999999,64,1
tile_histogram,256,scalar,1,2,0.0465,64,1
tile_histogram,256,scalar,1,3,0.046300000000000001,64,1
tile_histogram,256,scalar,1,4,0.046300000000000001,64,1
tile_histogram,256,scalar,1,5,0.046399999999999997,64,1
stencil3x3,256,scalar,1,0,0.73680000000000001,-0.024281466798810714,1
stencil3x3,256,scalar,1,1,0.6784,-0.024281466798810714,1
stencil3x3,256,scalar,1,2,0.67490000000000006,-0.024281466798810714,1
stencil3x3,256,scalar,1,3,0.67920000000000003,-0.024281466798810714,1
stencil3x3,256,scalar,1,4,0.67410000000000003,-0.024281466798810714,1
stencil3x3,256,scalar,1,5,0.78149999999999997,-0.024281466798810714,1
masked_reduce,256,optimized,1,0,0.35999999999999999,-37.507433102081194,1
masked_reduce,256,optimized,1,1,0.3221,-37.507433102081194,1
masked_reduce,256,optimized,1,2,0.28949999999999998,-37.507433102081194,1
masked_reduce,256,optimized,1,3,0.2923,-37.507433102081194,1
masked_reduce,256,optimized,1,4,0.29449999999999998,-37.507433102081194,1
masked_reduce,256,optimized,1,5,0.29120000000000001,-37.507433102081194,1
tile_histogram,256,optimized,1,0,0.041000000000000002,64,1
tile_histogram,256,optimized,1,1,0.0253,64,1
tile_histogram,256,optimized,1,2,0.017600000000000001,64,1
tile_histogram,256,optimized,1,3,0.0178,64,1
tile_histogram,256,optimized,1,4,0.017600000000000001,64,1
tile_histogram,256,optimized,1,5,0.0177,64,1
stencil3x3,256,optimized,1,0,0.29499999999999998,-0.024281466798810714,1
stencil3x3,256,optimized,1,1,0.24990000000000001,-0.024281466798810714,1
stencil3x3,256,optimized,1,2,0.2492,-0.024281466798810714,1
stencil3x3,256,optimized,1,3,0.24560000000000001,-0.024281466798810714,1
stencil3x3,256,optimized,1,4,0.25209999999999999,-0.024281466798810714,1
stencil3x3,256,optimized,1,5,0.24590000000000001,-0.024281466798810714,1
masked_reduce,256,optimized,2,0,0.40260000000000001,-37.507433102081109,1
masked_reduce,256,optimized,2,1,0.39500000000000002,-37.507433102081109,1
masked_reduce,256,optimized,2,2,0.44180000000000003,-37.507433102081109,1
masked_reduce,256,optimized,2,3,0.44119999999999998,-37.507433102081109,1
masked_reduce,256,optimized,2,4,0.39700000000000002,-37.507433102081109,1
masked_reduce,256,optimized,2,5,0.33989999999999998,-37.507433102081109,1
tile_histogram,256,optimized,2,0,0.093700000000000006,64,1
tile_histogram,256,optimized,2,1,0.10340000000000001,64,1
tile_histogram,256,optimized,2,2,0.12620000000000001,64,1
tile_histogram,256,optimized,2,3,0.10730000000000001,64,1
tile_histogram,256,optimized,2,4,0.085800000000000001,64,1
tile_histogram,256,optimized,2,5,0.068099999999999994,64,1
stencil3x3,256,optimized,2,0,0.30940000000000001,-0.024281466798810714,1
stencil3x3,256,optimized,2,1,0.42009999999999997,-0.024281466798810714,1
stencil3x3,256,optimized,2,2,0.34889999999999999,-0.024281466798810714,1
stencil3x3,256,optimized,2,3,0.2656,-0.024281466798810714,1
stencil3x3,256,optimized,2,4,0.25080000000000002,-0.024281466798810714,1
stencil3x3,256,optimized,2,5,0.25059999999999999,-0.024281466798810714,1
masked_reduce,1024,scalar,1,0,4.6858000000000004,-404.75718533200876,1
masked_reduce,1024,scalar,1,1,4.8356000000000003,-404.75718533200876,1
masked_reduce,1024,scalar,1,2,5.0637999999999996,-404.75718533200876,1
masked_reduce,1024,scalar,1,3,4.8903999999999996,-404.75718533200876,1
masked_reduce,1024,scalar,1,4,4.9058000000000002,-404.75718533200876,1
masked_reduce,1024,scalar,1,5,5.1853999999999996,-404.75718533200876,1
tile_histogram,1024,scalar,1,0,1.1794,64,1
tile_histogram,1024,scalar,1,1,1.2141999999999999,64,1
tile_histogram,1024,scalar,1,2,1.1052,64,1
tile_histogram,1024,scalar,1,3,1.2175,64,1
tile_histogram,1024,scalar,1,4,0.88719999999999999,64,1
tile_histogram,1024,scalar,1,5,0.9294,64,1
stencil3x3,1024,scalar,1,0,13.227499999999999,0.11149653121902869,1
stencil3x3,1024,scalar,1,1,13.5871,0.11149653121902869,1
stencil3x3,1024,scalar,1,2,13.5878,0.11149653121902869,1
stencil3x3,1024,scalar,1,3,13.7883,0.11149653121902869,1
stencil3x3,1024,scalar,1,4,13.824299999999999,0.11149653121902869,1
stencil3x3,1024,scalar,1,5,13.553000000000001,0.11149653121902869,1
masked_reduce,1024,optimized,1,0,4.7558999999999996,-404.75718533200916,1
masked_reduce,1024,optimized,1,1,4.8483999999999998,-404.75718533200916,1
masked_reduce,1024,optimized,1,2,4.6738,-404.75718533200916,1
masked_reduce,1024,optimized,1,3,4.6271000000000004,-404.75718533200916,1
masked_reduce,1024,optimized,1,4,4.7016999999999998,-404.75718533200916,1
masked_reduce,1024,optimized,1,5,4.6227,-404.75718533200916,1
tile_histogram,1024,optimized,1,0,1.0943000000000001,64,1
tile_histogram,1024,optimized,1,1,0.35799999999999998,64,1
tile_histogram,1024,optimized,1,2,0.35370000000000001,64,1
tile_histogram,1024,optimized,1,3,0.3533,64,1
tile_histogram,1024,optimized,1,4,0.372,64,1
tile_histogram,1024,optimized,1,5,0.35699999999999998,64,1
stencil3x3,1024,optimized,1,0,4.6639999999999997,0.11149653121902869,1
stencil3x3,1024,optimized,1,1,5.1257000000000001,0.11149653121902869,1
stencil3x3,1024,optimized,1,2,5.0435999999999996,0.11149653121902869,1
stencil3x3,1024,optimized,1,3,4.9531000000000001,0.11149653121902869,1
stencil3x3,1024,optimized,1,4,5.1409000000000002,0.11149653121902869,1
stencil3x3,1024,optimized,1,5,5.0186999999999999,0.11149653121902869,1
masked_reduce,1024,optimized,2,0,4.7595999999999998,-404.75718533201245,1
masked_reduce,1024,optimized,2,1,4.6623999999999999,-404.75718533201245,1
masked_reduce,1024,optimized,2,2,4.6162000000000001,-404.75718533201245,1
masked_reduce,1024,optimized,2,3,4.5944000000000003,-404.75718533201245,1
masked_reduce,1024,optimized,2,4,4.7167000000000003,-404.75718533201245,1
masked_reduce,1024,optimized,2,5,4.5567000000000002,-404.75718533201245,1
tile_histogram,1024,optimized,2,0,0.34439999999999998,64,1
tile_histogram,1024,optimized,2,1,0.24360000000000001,64,1
tile_histogram,1024,optimized,2,2,0.30580000000000002,64,1
tile_histogram,1024,optimized,2,3,0.25569999999999998,64,1
tile_histogram,1024,optimized,2,4,0.2379,64,1
tile_histogram,1024,optimized,2,5,0.27039999999999997,64,1
stencil3x3,1024,optimized,2,0,3.6444000000000001,0.11149653121902869,1
stencil3x3,1024,optimized,2,1,4.0419999999999998,0.11149653121902869,1
stencil3x3,1024,optimized,2,2,4.1289999999999996,0.11149653121902869,1
stencil3x3,1024,optimized,2,3,4.3226000000000004,0.11149653121902869,1
stencil3x3,1024,optimized,2,4,3.9693999999999998,0.11149653121902869,1
stencil3x3,1024,optimized,2,5,3.8639000000000001,0.11149653121902869,1
