side,distribution,backend,n,median_ms,p25_ms,p75_ms,min_ms,max_ms,upload_median_ms,kernel_median_ms,download_median_ms
32,uniform,cpu_optimized_1,24,0.000600000,0.000500000,0.000600000,0.000400000,0.001100000,0.000000000,0.000000000,0.000000000
32,uniform,cpu_optimized_2,24,0.000500000,0.000500000,0.000500000,0.000400000,0.000800000,0.000000000,0.000000000,0.000000000
32,uniform,cuda_simple_global,24,0.046950000,0.044825000,0.048400000,0.043100000,0.078500000,0.003072000,0.006144000,0.014336000
32,uniform,cuda_simple_shared,24,0.050350000,0.046550000,0.058900000,0.042600000,0.349500000,0.003072000,0.010240000,0.013968000
32,uniform,cuda_reuse_global,24,0.042050000,0.038350000,0.049025000,0.035800000,0.338400000,0.003072000,0.006144000,0.013328000
32,uniform,cuda_reuse_shared,24,0.050050000,0.042325000,0.057625000,0.038400000,0.399200000,0.003072000,0.010240000,0.014336000
32,single_bin,cpu_optimized_1,24,0.000500000,0.000500000,0.000600000,0.000500000,0.000800000,0.000000000,0.000000000,0.000000000
32,single_bin,cpu_optimized_2,24,0.000500000,0.000500000,0.000525000,0.000500000,0.000600000,0.000000000,0.000000000,0.000000000
32,single_bin,cuda_simple_global,24,0.045100000,0.044100000,0.048975000,0.043400000,0.065200000,0.003072000,0.005120000,0.013376000
32,single_bin,cuda_simple_shared,24,0.070500000,0.068775000,0.074425000,0.065500000,0.100200000,0.003072000,0.032768000,0.013312000
32,single_bin,cuda_reuse_global,24,0.039900000,0.039200000,0.043625000,0.036500000,0.057100000,0.003072000,0.009216000,0.013456000
32,single_bin,cuda_reuse_shared,24,0.065800000,0.062575000,0.067925000,0.058300000,0.069200000,0.003856000,0.027648000,0.013392000
256,uniform,cpu_optimized_1,24,0.018450000,0.018100000,0.019350000,0.017800000,0.023100000,0.000000000,0.000000000,0.000000000
256,uniform,cpu_optimized_2,24,0.122750000,0.114975000,0.139050000,0.103600000,0.163000000,0.000000000,0.000000000,0.000000000
256,uniform,cuda_simple_global,24,0.102650000,0.089275000,0.129225000,0.056500000,0.431500000,0.015136000,0.009216000,0.032976000
256,uniform,cuda_simple_shared,24,0.085300000,0.063500000,0.122450000,0.056400000,0.448400000,0.008128000,0.009216000,0.029264000
256,uniform,cuda_reuse_global,24,0.056000000,0.050650000,0.087000000,0.046700000,0.638100000,0.008144000,0.009216000,0.023136000
256,uniform,cuda_reuse_shared,24,0.059700000,0.047475000,0.103050000,0.046000000,0.848000000,0.008096000,0.009216000,0.020480000
256,single_bin,cpu_optimized_1,24,0.018600000,0.018200000,0.022750000,0.017900000,0.035500000,0.000000000,0.000000000,0.000000000
256,single_bin,cpu_optimized_2,24,0.121700000,0.117000000,0.128650000,0.096100000,0.148500000,0.000000000,0.000000000,0.000000000
256,single_bin,cuda_simple_global,24,0.097100000,0.083850000,0.231750000,0.061700000,0.857100000,0.014816000,0.010240000,0.025615999
256,single_bin,cuda_simple_shared,24,0.152300000,0.149975000,0.172225000,0.145400000,0.399200000,0.008160000,0.102399997,0.015536000
256,single_bin,cuda_reuse_global,24,0.053700000,0.051050000,0.061425000,0.047200000,0.328500000,0.008192000,0.010240000,0.015984000
256,single_bin,cuda_reuse_shared,24,0.139950000,0.138975000,0.146925000,0.137300000,0.187400000,0.008176000,0.101375997,0.015456000
1024,uniform,cpu_optimized_1,24,0.372700000,0.369125000,0.378475000,0.354100000,0.449400000,0.000000000,0.000000000,0.000000000
1024,uniform,cpu_optimized_2,24,0.318000000,0.305575000,0.325350000,0.296800000,0.373700000,0.000000000,0.000000000,0.000000000
1024,uniform,cuda_simple_global,24,0.707700000,0.640850000,0.754425000,0.615000000,0.934700000,0.107487999,0.057216000,0.100016002
1024,uniform,cuda_simple_shared,24,0.653150000,0.599350000,0.702875000,0.570800000,1.012300000,0.106752001,0.037856001,0.099407997
1024,uniform,cuda_reuse_global,24,0.308900000,0.300825000,0.339875000,0.293100000,0.500700000,0.122671999,0.057552001,0.099503998
1024,uniform,cuda_reuse_shared,24,0.271500000,0.269500000,0.281225000,0.264900000,0.602000000,0.119199999,0.036816001,0.097504001
1024,single_bin,cpu_optimized_1,24,0.381550000,0.380825000,0.383550000,0.377900000,0.510400000,0.000000000,0.000000000,0.000000000
1024,single_bin,cpu_optimized_2,24,0.356200000,0.323675000,0.362650000,0.305300000,0.496300000,0.000000000,0.000000000,0.000000000
1024,single_bin,cuda_simple_global,24,0.671800000,0.641675000,0.713400000,0.599500000,0.932200000,0.107199997,0.054256000,0.097279999
1024,single_bin,cuda_simple_shared,24,0.730150000,0.714175000,0.786650000,0.668100000,0.942300000,0.106720001,0.138335995,0.095791999
1024,single_bin,cuda_reuse_global,24,0.297950000,0.290500000,0.359150000,0.285000000,0.543400000,0.120288000,0.056527998,0.094000001
1024,single_bin,cuda_reuse_shared,24,0.366000000,0.364550000,0.374200000,0.361300000,0.692900000,0.118255999,0.137663998,0.093120001
