Time (%),Total Time (ns),Num Calls,Avg (ns),Med (ns),Min (ns),Max (ns),StdDev (ns),Name
94.2,73706554,6,12284425.7,4020.0,2390,73687873,30081422.9,cudaStreamCreateWithFlags
2.2,1753712,13,134900.9,27990.0,11400,442471,162733.8,cudaMemcpyAsync
0.9,700692,12,58391.0,3680.0,670,358313,127885.2,cudaStreamSynchronize
0.8,663210,14,47372.1,5055.0,1250,125973,53060.0,cudaFree
0.7,579734,7,82819.1,42591.0,10540,382839,133155.0,cudaLaunchKernel
0.5,406519,14,29037.1,2695.0,1700,100533,34107.9,cudaMalloc
0.3,212114,24,8838.1,6340.0,3840,34211,6471.0,cudaEventRecord
0.1,97422,1,97422.0,97422.0,97422,97422,0.0,cuLibraryLoadData
0.0,26760,1,26760.0,26760.0,26760,26760,0.0,cuLibraryUnload
0.0,22351,24,931.3,470.0,300,7630,1474.6,cudaEventCreate
0.0,18480,24,770.0,345.0,260,4480,959.6,cudaEventDestroy
0.0,14340,6,2390.0,1985.0,1790,4570,1075.6,cudaStreamDestroy
0.0,10651,1,10651.0,10651.0,10651,10651,0.0,cuModuleGetLoadingMode
0.0,3720,1,3720.0,3720.0,3720,3720,0.0,cuCtxSynchronize
0.0,2710,7,387.1,280.0,160,1080,323.3,cuKernelGetName
0.0,2500,4,625.0,630.0,490,750,134.0,cuLibraryGetKernel
0.0,940,1,940.0,940.0,940,940,0.0,cudaGetDeviceProperties
0.0,450,1,450.0,450.0,450,450,0.0,cuDeviceGetLuid
